Customer,Contact,Terms,Notes
Harbourview Inn,front desk,Net 30,10% all orders
Harbourview Inn & Suites,accounts payable,Net 30,
Lakeshore Grand Hotel,purchasing,Net 45,5% - Dana approved 2024
Pinecrest Lodge,owner,Due on receipt,10% (not on soap or amenities)
The Aldridge,housekeeping mgr,Net 30,5%?? check w Dana
Bayfield Motor Inn,owner,Due on receipt,
Cedar Point Resort,purchasing,Net 30,10%
Riverside Suites,housekeeping,Net 15,"used to get 5%, stopped Jan 2026"
WEB CUSTOMER,,,Bridge puts web orders here when it can't match
