Store,Store Variant ID,Books Item ID,Last Synced
Northway,41200004207,1796,2026-09-29 14:15
Maple,41200007907,2328,2026-09-29 14:15
Northway,41200000322,1215,2026-09-29 14:15
Northway,41200007278,2237,2026-09-29 14:15
Northway,41200008388,2398,2026-09-29 13:45
Northway,41200007500,2272,2026-09-29 14:15
Maple,41200003874,1740,2026-09-29 14:00
Northway,41200004836,1887,2026-09-29 14:15
Maple,41200000914,1299,2026-09-29 13:45
Northway,41200007574,2286,2026-09-29 13:45
Northway,41200007426,2251,2026-09-29 14:15
Northway,41200001210,1348,2026-09-29 14:00
Northway,41200006538,2125,2026-09-29 13:45
Northway,41200002394,1530,2026-09-29 14:00
Northway,41200001950,1467,2026-09-29 13:45
Northway,41200006871,2174,2025-08-28 09:30
Northway,41200000100,1180,2026-09-29 14:15
Northway,41200004096,1775,2026-09-29 14:15
Northway,41200007463,2265,2026-09-29 14:15
Maple,41200007352,2244,2026-09-29 14:00
Northway,41200002024,1474,2026-09-29 14:15
Northway,41200008462,2412,2026-09-29 14:00
Northway,41200003763,1726,2026-09-29 13:45
Northway,41200008573,2433,2025-01-16 09:30
Northway,41200005206,1936,2026-09-29 14:15
Northway,41200008314,2391,2026-09-29 14:00
Northway,41200001765,1439,2026-09-29 14:15
Northway,41200006390,2104,2026-09-29 14:15
Northway,41200000544,1250,2026-09-29 14:15
Maple,41200003319,1656,2026-09-29 13:45
Northway,41200000655,1264,2026-09-29 14:00
Northway,41200001469,1390,2026-09-29 14:00
Maple,41200006797,2160,2026-09-29 14:00
Maple,41200008351,2391,2026-09-29 14:00
Northway,41200004762,1873,2026-09-29 13:45
Northway,41200002542,1551,2025-05-23 09:30
Northway,41200006427,2111,2026-09-29 13:45
Northway,41200002320,1516,2025-03-28 09:30
Northway,41200002616,1558,2026-09-29 14:00
Northway,41200006020,2055,2026-09-29 13:45
Northway,41200005946,2041,2026-09-29 14:00
Northway,41200003504,1684,2026-09-29 14:00
Northway,41200002949,1607,2026-09-29 13:45
Northway,41200003800,1733,2026-09-29 14:15
Northway,41200001395,1383,2024-07-13 09:30
Northway,41200002764,1579,2026-09-29 14:00
Northway,41200003245,1649,2026-09-29 14:00
Maple,41200004873,1887,2026-09-29 14:15
Northway,41200004910,1894,2026-09-29 14:15
Maple,41200000766,1278,2024-10-21 09:30
Northway,41200004318,1810,2026-09-29 14:00
Northway,41200001617,1411,2026-09-29 13:45
Northway,41200005539,1985,2026-09-29 14:00
Northway,41200000803,1285,2026-09-29 14:00
Northway,41200002098,1488,2026-09-29 13:45
Maple,41200002431,1530,2026-09-29 14:15
Northway,41200002172,1495,2026-09-29 14:00
Maple,41200006205,2076,2026-09-29 13:45
Northway,41200001025,1320,2024-05-17 09:30
Northway,41200008166,2370,2026-09-29 14:15
Maple,41200001987,1467,2026-09-29 13:45
Northway,41200004392,1824,2026-09-29 14:15
Northway,41200007204,2223,2026-09-29 14:00
Northway,41200004466,1831,2026-09-29 13:45
Northway,41200005280,1950,2026-09-29 14:00
Northway,41200000581,1257,2026-09-29 13:45
Northway,41200001321,1369,2026-09-29 13:45
Northway,41200004170,1789,2026-09-29 14:00
Northway,41200002209,1502,2026-09-29 14:00
Northway,41200008536,2419,2026-09-29 13:45
Northway,41200005058,1915,2026-09-29 13:45
Northway,41200008240,2377,2026-09-29 14:15
Northway,41200002357,1523,2026-09-29 14:00
Northway,41200004614,1852,2026-09-29 14:00
Northway,41200006464,2118,2026-09-29 14:15
Northway,41200000692,1271,2026-09-29 13:45
Northway,41200005428,1971,2026-09-29 14:00
Northway,41200000396,1222,2026-09-29 14:15
Northway,41200005687,2006,2026-09-29 14:15
Northway,41200000951,1306,2026-09-29 13:45
Northway,41200007019,2195,2026-09-29 14:00
Northway,41200007722,2307,2026-09-29 14:15
Northway,41200003393,1670,2026-09-29 14:15
Northway,41200001913,1460,2026-09-29 14:00
Northway,41200008129,2363,2026-09-29 14:15
Northway,41200005724,2013,2026-09-29 13:45
Northway,41200004244,1803,2026-09-29 13:45
Northway,41200006242,2083,2026-09-29 13:45
Northway,41200008277,2377,2026-09-29 14:00
Northway,41200005095,1922,2026-09-29 14:00
Northway,41200006982,2188,2026-09-29 14:15
Northway,41200001284,1362,2026-09-29 13:45
Maple,41200002875,1593,2026-09-29 14:15
Northway,41200001802,1446,2025-09-28 09:30
Northway,41200007537,2279,2024-09-26 09:30
Maple,41200006945,2181,2026-09-29 14:15
Northway,41200007685,2300,2025-03-08 09:30
Northway,41200002690,1572,2026-09-29 13:45
Northway,41200002986,1614,2025-01-20 09:30
Northway,41200006908,2181,2026-09-29 14:00
Northway,41200001099,1327,2026-09-29 13:45
Northway,41200000988,1306,2026-09-29 14:15
Northway,41200002653,1565,2026-09-29 13:45
Northway,41200007315,2244,2026-09-29 14:15
Maple,41200001062,1320,2026-09-29 14:15
Northway,41200001543,1404,2026-09-29 14:15
Maple,41200007093,2202,2025-03-08 09:30
Northway,41200002838,1593,2026-09-29 14:15
Northway,41200004503,1838,2026-09-29 14:00
Northway,41200002505,1551,2026-09-29 14:00
Northway,41200006094,2062,2026-09-29 14:00
Maple,41200005909,2034,2026-09-29 13:45
Northway,41200005835,2027,2026-09-29 14:00
Northway,41200004799,1887,2026-09-29 14:00
Northway,41200007870,2328,2026-09-29 14:15
Northway,41200006834,2167,2026-09-29 14:15
Northway,41200001358,1376,2024-09-20 09:30
Northway,41200008092,2356,2026-09-29 14:00
Northway,41200003097,1628,2026-09-29 13:45
Maple,41200005169,1929,2026-09-29 14:00
Northway,41200003948,1754,2026-09-29 13:45
Maple,41200008647,2433,2026-09-29 14:00
Northway,41200001728,1432,2026-09-29 14:15
Northway,41200003652,1705,2026-09-29 14:15
Maple,41200002135,1488,2026-09-29 14:00
Maple,41200007759,2307,2026-09-29 14:00
Northway,41200007389,2251,2024-10-24 09:30
Northway,41200006131,2069,2026-09-29 14:15
Northway,41200005983,2055,2026-09-29 13:45
Northway,41200002061,1481,2024-03-03 09:30
Northway,41200000507,1243,2026-09-29 13:45
Northway,41200000840,1292,2026-09-29 14:00
Maple,41200002283,1509,2026-09-29 14:15
Northway,41200007056,2202,2026-09-29 13:45
Northway,41200002246,1509,2026-09-29 13:45
Northway,41200004059,1768,2026-09-29 14:15
Maple,41200003615,1698,2026-09-29 14:00
Northway,41200000470,1236,2026-09-29 14:15
Northway,41200007648,2293,2026-09-29 14:00
Northway,41200007944,2335,2026-09-29 14:00
Northway,41200004947,1901,2026-09-29 13:45
Maple,41200004281,1803,2026-09-29 13:45
Northway,41200004651,1859,2026-09-29 14:00
Northway,41200006575,2132,2026-09-29 13:45
Northway,41200005650,1999,2026-09-29 14:00
Northway,41200003060,1621,2026-09-29 14:00
Northway,41200003208,1642,2026-09-29 14:15
Maple,41200003023,1614,2026-09-29 14:00
Northway,41200001173,1341,2026-09-29 13:45
Maple,41200002727,1572,2026-09-29 14:15
Northway,41200000877,1299,2026-09-29 14:15
Northway,41200006760,2160,2026-09-29 14:15
Northway,41200000174,1194,2026-09-29 14:15
Northway,41200003430,1677,2026-09-29 14:15
Maple,41200004022,1761,2026-09-29 14:15
Northway,41200004688,1866,2026-09-29 14:15
Maple,41200000211,1194,2026-09-29 14:00
Northway,41200005354,1957,2026-09-29 13:45
Maple,41200000618,1257,2026-09-29 14:00
Maple,41200005761,2013,2026-09-29 13:45
Northway,41200001654,1418,2026-09-29 13:45
Northway,41200000729,1278,2026-09-29 14:15
Northway,41200006723,2160,2026-09-29 14:00
Northway,41200007833,2321,2026-09-29 14:15
Northway,41200006279,2090,2026-09-29 13:45
Northway,41200005391,1964,2026-09-29 14:15
Northway,41200005872,2034,2026-09-29 14:15
Maple,41200001432,1383,2026-09-29 14:15
Maple,41200006057,2055,2026-09-29 14:15
Northway,41200004355,1817,2026-09-29 14:00
Northway,41200006316,2097,2026-09-29 13:45
Maple,41200004725,1866,2026-09-29 14:00
Northway,41200007130,2209,2026-09-29 13:45
Maple,41200007611,2286,2026-09-29 13:45
Maple,41200008203,2370,2024-10-19 09:30
Northway,41200004540,1845,2026-09-29 14:15
Northway,41200005502,1978,2026-09-29 14:00
Northway,41200008425,2405,2026-09-29 14:15
Maple,41200002579,1551,2026-09-29 14:00
Maple,41200005317,1950,2026-09-29 13:45
Maple,41200003171,1635,2026-09-29 13:45
Maple,41200006649,2139,2026-09-29 14:15
Maple,41200005021,1908,2026-09-29 14:00
Maple,41200000359,1215,2026-09-29 14:15
Northway,41200007796,2314,2026-09-29 14:00
Northway,41200002468,1537,2026-09-29 13:45
Northway,41200003985,1761,2026-09-29 14:15
Northway,41200008018,2349,2026-09-29 14:15
Northway,41200002912,1600,2026-09-29 14:00
Northway,41200006168,2076,2026-09-29 13:45
Northway,41200007167,2216,2024-04-04 09:30
Northway,41200002801,1586,2026-09-29 14:00
Northway,41200003356,1663,2026-09-29 14:15
Northway,41200008610,2433,2026-09-29 14:00
Maple,41200008499,2412,2026-09-29 14:15
Northway,41200004133,1782,2024-11-27 09:30
Maple,41200004429,1824,2026-09-29 14:15
Northway,41200003911,1747,2024-03-09 09:30
Northway,41200005132,1929,2026-09-29 14:15
Northway,41200001691,1425,2026-09-29 14:15
Maple,41200001839,1446,2026-09-29 13:45
Northway,41200003726,1719,2026-09-29 14:15
Maple,41200006501,2118,2026-09-29 14:15
Northway,41200001136,1334,2026-09-29 14:00
Maple,41200008055,2349,2026-09-29 14:15
Maple,41200001580,1404,2026-09-29 14:15
Northway,41200001506,1397,2026-09-29 13:45
Maple,41200006353,2097,2026-09-29 14:15
Northway,41200001247,1355,2026-09-29 14:00
Northway,41200003578,1698,2026-09-29 14:15
