ID,Product,SKU,Pack,Price CAD (Canada),Price USD (US),Price USD (Intl),On hand
41200000211,Economy Hand Towel 785,HTW-128-24,Box/24,$1220.99,$952.37,$1025.63,6
41200000359,Standard Bed Sheet 486,SHT-158-60,Box/60,$1979.99,$1544.39,$1663.19,5
41200000618,Deluxe Laundry Bag 754,LBG-112-6,Box/6,$447.99,$349.43,$376.31,4
41200000766,Spa Slippers 192,SLP-127-60,Box/60,$5149.99,$4016.99,$4325.99,8
41200000914,Economy Robe 497,ROB-105-36,Box/36,$462.99,$361.13,$388.91,1
41200001062,Spa Spa Amenity 293,SPA-131-12,Box/12,$356.99,$278.45,$299.87,25
41200001432,Spa Bed Skirt 341,BSK-138,Box/60,$0.00,$0.00,$0.00,18
41200001580,Executive Pillows 612,PLW-143-24,Box/24,$0.00,$0.00,$0.00,8
41200001839,Resort Bath Towel 574,TWL-110-36,Box/36,$1059.99,$826.79,$890.39,0
41200001987,Economy Soap Bar 626,SOP-150-CS,Box/24,$1477.99,$1152.83,$1241.51,20
41200002135,Resort Duvet 931,DUV-160-60,Box/60,$669.99,$522.59,$562.79,2
41200002283,Standard Hand Towel 712,HTW-146-10,Box/10,$121.99,$95.15,$102.47,0
41200002431,Executive Bed Sheet 600,SHT-151-24,Box/24,$1404.99,$1095.89,$1180.19,12
41200002579,Deluxe Robe 310,ROB-147-12,Box/12,$0.00,$0.00,$0.00,4
41200002727,Resort Washcloth 199,WCL-140-10,Box/10,$183.99,$143.51,$154.55,48
41200002875,Premium Duvet 636,DUV-102-60,Box/60,$1267.99,$989.03,$1065.11,0
41200003023,Spa Pillows 485,PLW-141-36,Box/36,$0.00,$0.00,$0.00,17
41200003171,Classic Hand Towel 565,HTW-152-48,Box/48,$3744.99,$2921.09,$3145.79,3
41200003319,Premium Soap Bar 633,SOP-116-10,Box/10,$539.99,$421.19,$453.59,6
41200003467,Executive Soap Bar 997,SOP-111-24,Box/24,$2446.99,$1908.65,$2055.47,100
41200003615,Deluxe Soap Bar 579,SOP-134-12,Box/12,$343.99,$268.31,$288.95,0
41200003874,Spa Bath Towel 767,TWL-144-36,Box/36,$0.00,$0.00,$0.00,3
41200004022,Standard Hand Towel 737,HTW-109-24,Box/24,$604.99,$471.89,$508.19,6
41200004281,Premium Bath Towel 389,TWL-154-36,Box/36,$1666.99,$1300.25,$1400.27,66
41200004429,Premium Personal Care 802,PCR-123-60,Box/60,$1125.99,$878.27,$945.83,1
41200004577,Resort Bath Towel 979,TWL-126-24,Box/24,$1913.99,$1492.91,$1607.75,12
41200004725,Standard Furniture 754,FUR-137-60,Box/60,$10545.99,$8225.87,$8858.63,40
41200004873,Premium Laundry Bag 267,LBG-153-12,Box/12,$340.99,$265.97,$286.43,40
41200005021,Resort Slippers 790,SLP-142-10,Box/10,$246.99,$192.65,$207.47,0
41200005169,Classic Coffee Kit 910,CFK-113-60,Box/60,$4739.99,$3697.19,$3981.59,40
41200005317,Classic Hanger 166,HNG-156,Box/48,$2723.99,$2124.71,$2288.15,50
41200005465,Premium Personal Care 849,PCR-108,Box/6,$522.99,$407.93,$439.31,4
41200005613,Spa Duvet 473,DUV-130-60,Box/60,$865.99,$675.47,$727.43,20
41200005761,Premium Wet Wipes 388,WIP-145-36,Box/36,$0.00,$0.00,$0.00,3
41200005909,Classic Hand Towel 619,HTW-120,Box/36,$1822.99,$1421.93,$1531.31,13
41200006057,Resort Coffee Kit 700,CFK-159-12,Box/12,$1019.99,$795.59,$856.79,200
41200006205,Standard Laundry Bag 511,LBG-129-6,Box/6,$266.99,$208.25,$224.27,400
41200006353,Resort Duvet 924,DUV-157-48,Box/48,$2442.99,$1905.53,$2052.11,6
41200006501,Standard Duvet 943,DUV-149-10,Box/10,$187.99,$146.63,$157.91,0
41200006649,Economy Pillow Protector 341,PPR-118-6,Box/6,$269.99,$210.59,$226.79,0
41200006797,Premium Hand Towel 297,HTW-121-12,Box/12,$608.99,$475.01,$511.55,100
41200006945,Standard Hand Towel 662,HTW-104,Box/24,$1237.99,$965.63,$1039.91,50
41200007093,Economy Hanger 417,HNG-135-10,Box/10,$422.99,$329.93,$355.31,240
41200007352,Premium Pillows 244,PLW-124-6,Box/6,$372.99,$290.93,$313.31,400
41200007611,Resort Pillow Protector 826,PPR-117-24,Box/24,$1958.99,$1528.01,$1645.55,12
41200007759,Economy Personal Care 678,PCR-125-48,Box/48,$4151.99,$3238.55,$3487.67,0
41200007907,Standard Hanger 258,HNG-119-36,Box/36,$2175.99,$1697.27,$1827.83,8
41200008055,Premium Duvet 599,DUV-115-10,Box/10,$530.99,$414.17,$446.03,14
41200008203,Resort Soap Bar 623,SOP-133-36,Box/36,$1698.99,$1325.21,$1427.15,0
41200008351,Classic Bath Towel 598,TWL-106-12,Box/12,$1083.99,$845.51,$910.55,40
41200008499,Classic Coffee Kit 249,CFK-148-36,Box/36,$327.99,$255.83,$275.51,1
41200008647,Standard Lotion 985,LTN-136-12,Box/12,$0.00,$0.00,$0.00,16
